10,-2.8125,-0.46875,4.7124
10.017,-2.8073,-0.46875,4.7124
10.117,-2.776,-0.46875,4.7124
10.217,-2.7448,-0.46875,4.7124
10.317,-2.7135,-0.46875,4.7124
10.4,-2.6875,-0.46875,4.7124
10.483,-2.6615,-0.46875,4.7124
10.567,-2.6354,-0.46875,4.7124
10.667,-2.6042,-0.46875,4.7124
10.767,-2.5729,-0.46875,4.7124
10.85,-2.5469,-0.46875,4.7124
10.967,-2.5104,-0.46875,4.7124
11.05,-2.4844,-0.46875,4.7124
11.15,-2.4531,-0.46875,4.7124
11.233,-2.4271,-0.46875,4.7124
11.333,-2.3958,-0.46875,4.7124
11.417,-2.3698,-0.46875,4.7124
11.517,-2.3386,-0.46875,4.7124
11.6,-2.3125,-0.46875,4.7124
11.7,-2.2813,-0.46875,4.7124
11.783,-2.2552,-0.46875,4.7124
11.883,-2.224,-0.46875,4.7124
11.983,-2.1927,-0.46875,4.7124
12.067,-2.1667,-0.46875,4.7124
12.167,-2.1354,-0.46875,4.7124
12.25,-2.1094,-0.46875,4.7124
12.333,-2.0833,-0.46875,4.7124
12.433,-2.0521,-0.46875,4.7124
12.533,-2.0208,-0.46875,4.7124
12.617,-1.9948,-0.46875,4.7124
12.717,-1.9636,-0.46875,4.7124
12.817,-1.9323,-0.46875,4.7124
12.9,-1.9063,-0.46875,4.7124
13,-1.875,-0.46875,4.7124
13.083,-1.849,-0.46875,4.7124
13.183,-1.8177,-0.46875,4.7124
13.267,-1.7917,-0.46875,4.7124
13.367,-1.7604,-0.46875,4.7124
13.467,-1.7292,-0.46875,4.7124
13.55,-1.7031,-0.46875,4.7124
13.65,-1.6719,-0.46875,4.7124
13.75,-1.6407,-0.46875,4.7124
13.833,-1.6146,-0.46875,4.7124
13.917,-1.5886,-0.46875,4.7124
14.017,-1.5573,-0.46875,4.7124
14.117,-1.5261,-0.46875,4.7124
14.2,-1.5,-0.46875,4.7124
14.283,-1.474,-0.46875,4.7124
14.383,-1.4427,-0.46875,4.7124
14.483,-1.4115,-0.46875,4.7124
14.583,-1.3802,-0.46875,4.7124
14.667,-1.3542,-0.46875,4.7124
14.767,-1.323,-0.46875,4.7124
14.85,-1.2969,-0.46875,4.7124
14.933,-1.2709,-0.46875,4.7124
15.033,-1.2396,-0.46875,4.7124
15.133,-1.2084,-0.46875,4.7124
15.217,-1.1823,-0.46875,4.7124
15.333,-1.1459,-0.46875,4.7124
15.417,-1.1198,-0.46875,4.7124
15.5,-1.0938,-0.46875,4.7124
15.583,-1.0677,-0.46875,4.7124
15.667,-1.0417,-0.46875,4.7124
15.767,-1.0105,-0.46875,4.7124
15.867,-0.97921,-0.46875,4.7124
15.967,-0.94796,-0.46875,4.7124
16.05,-0.92192,-0.46875,4.7124
16.15,-0.89067,-0.46875,4.7124
16.233,-0.86463,-0.46875,4.7124
16.317,-0.83859,-0.46875,4.7124
16.417,-0.80734,-0.46875,4.7124
16.517,-0.77609,-0.46875,4.7124
16.617,-0.74484,-0.46875,4.7124
16.7,-0.7188,-0.46875,4.7124
16.8,-0.68755,-0.46875,4.7124
16.9,-0.6563,-0.46875,4.7124
17,-0.62505,-0.46875,4.7124
17.083,-0.59901,-0.46875,4.7124
17.167,-0.57297,-0.46875,4.7124
17.266,-0.54172,-0.46875,4.7124
17.366,-0.51047,-0.46875,4.7124
17.45,-0.48443,-0.46875,4.7124
17.533,-0.45839,-0.46875,4.7124
17.65,-0.42193,-0.46875,4.7124
17.733,-0.39589,-0.46875,4.7124
17.816,-0.36985,-0.46875,4.7124
17.9,-0.34381,-0.46875,4.7124
18,-0.31256,-0.46875,4.7124
18.1,-0.28131,-0.46875,4.7124
18.183,-0.25527,-0.46875,4.7124
18.283,-0.22402,-0.46875,4.7124
18.383,-0.19277,-0.46875,4.7124
18.483,-0.16152,-0.46875,4.7124
18.566,-0.13548,-0.46875,4.7124
18.65,-0.10944,-0.46875,4.7124
18.75,-0.078189,-0.46875,4.7124
18.833,-0.052148,-0.46875,4.7124
18.933,-0.020899,-0.46875,4.7124
19.033,0.01035,-0.46875,4.7124
19.116,0.036391,-0.46875,4.7124
19.216,0.067641,-0.46875,4.7124
19.316,0.09889,-0.46875,4.7124
19.4,0.12493,-0.46875,4.7124
19.483,0.15097,-0.46875,4.7124
19.583,0.18222,-0.46875,4.7124
19.666,0.20826,-0.46875,4.7124
19.766,0.23951,-0.46875,4.7124
19.866,0.27076,-0.46875,4.7124
19.966,0.30201,-0.46875,4.7124
20.05,0.32805,-0.46875,4.7124
20.15,0.3593,-0.46875,4.7124
20.233,0.38534,-0.46875,4.7124
20.333,0.41659,-0.46875,4.7124
20.416,0.44263,-0.46875,4.7124
20.516,0.47388,-0.46875,4.7124
20.6,0.49992,-0.46875,4.7124
20.683,0.52597,-0.46875,4.7124
20.766,0.55201,-0.46875,4.7124
20.866,0.58326,-0.46875,4.7124
20.966,0.61451,-0.46875,4.7124
21.066,0.64576,-0.46875,4.7124
21.15,0.67181,-0.46875,4.7124
21.25,0.70306,-0.46875,4.7124
21.35,0.73431,-0.46875,4.7124
21.433,0.76035,-0.46875,4.7124
21.516,0.7864,-0.46875,4.7124
21.633,0.82286,-0.46875,4.7124
21.716,0.8489,-0.46875,4.7124
21.816,0.88015,-0.46875,4.7124
21.9,0.90619,-0.46875,4.7124
21.983,0.93224,-0.46875,4.7124
22.083,0.96349,-0.46875,4.7124
22.183,0.99474,-0.46875,4.7124
22.267,1.0208,-0.46875,4.7124
22.35,1.0468,-0.46875,4.7124
22.45,1.0781,-0.46875,4.7124
22.55,1.1093,-0.46875,4.7124
22.633,1.1354,-0.46875,4.7124
22.733,1.1666,-0.46875,4.7124
22.833,1.1979,-0.46875,4.7124
22.917,1.2239,-0.46875,4.7124
23,1.25,-0.46875,4.7124
23.1,1.2812,-0.46875,4.7124
23.2,1.3125,-0.46875,4.7124
23.283,1.3385,-0.46875,4.7124
23.383,1.3698,-0.46875,4.7124
23.467,1.3958,-0.46875,4.7124
23.567,1.4271,-0.46875,4.7124
23.65,1.4531,-0.46875,4.7124
23.75,1.4843,-0.46875,4.7124
23.833,1.5104,-0.46875,4.7124
23.933,1.5416,-0.46875,4.7124
24.033,1.5729,-0.46875,4.7124
24.117,1.5989,-0.46875,4.7124
24.217,1.6302,-0.46875,4.7124
24.317,1.6614,-0.46875,4.7124
24.417,1.6927,-0.46875,4.7124
24.5,1.7187,-0.46875,4.7124
24.583,1.7448,-0.46875,4.7124
24.7,1.7812,-0.46875,4.7124
24.783,1.8073,-0.46875,4.7124
24.883,1.8385,-0.46875,4.7124
24.967,1.8646,-0.46875,4.7124
25.067,1.8958,-0.46875,4.7124
25.15,1.9219,-0.46875,4.7124
25.25,1.9531,-0.46875,4.7124
25.333,1.9792,-0.46875,4.7124
25.433,2.0104,-0.46875,4.7124
25.517,2.0365,-0.46875,4.7124
25.617,2.0677,-0.46875,4.7124
25.7,2.0938,-0.46875,4.7124
25.8,2.125,-0.46875,4.7124
25.9,2.1563,-0.46875,4.7124
25.983,2.1823,-0.46875,4.7124
26.083,2.2135,-0.46875,4.7124
26.181,2.2441,-0.46875,4.7124
26.26,2.2686,-0.46875,4.7124
26.349,2.2966,-0.46875,4.7124
26.421,2.319,-0.46875,4.7124
26.489,2.3403,-0.46875,4.7124
26.567,2.3647,-0.46875,4.7124
26.641,2.3879,-0.46875,4.7124
26.7,2.4063,-0.46875,4.7124
26.767,2.4273,-0.46875,4.7124
26.821,2.444,-0.46875,4.7124
26.882,2.463,-0.46875,4.7124
26.93,2.478,-0.46875,4.7124
26.985,2.4953,-0.46875,4.7124
27.037,2.5117,-0.46875,4.7124
27.087,2.5271,-0.46875,4.7124
27.126,2.5394,-0.46875,4.7124
27.171,2.5534,-0.46875,4.7124
27.206,2.5645,-0.46875,4.7124
27.241,2.5752,-0.46875,4.7124
27.28,2.5874,-0.46875,4.7124
27.317,2.599,-0.46875,4.7124
27.346,2.6082,-0.46875,4.7124
27.38,2.6187,-0.46875,4.7124
27.407,2.6271,-0.46875,4.7124
27.437,2.6366,-0.46875,4.7124
27.462,2.6443,-0.46875,4.7124
27.489,2.6529,-0.46875,4.7124
27.516,2.6612,-0.46875,4.7124
27.562,2.6756,-0.46855,4.7386
27.662,2.7068,-0.4663,4.8171
27.744,2.7325,-0.46256,4.8826
27.826,2.758,-0.45715,4.948
27.922,2.788,-0.44847,5.0265
28,2.8124,-0.43946,5.092
28.091,2.8409,-0.42657,5.1705
28.164,2.8638,-0.41414,5.236
28.248,2.8901,-0.3973,5.3145
28.328,2.915,-0.37844,5.3931
28.403,2.9383,-0.35769,5.4716
28.45,2.953,-0.34286,5.524
28.515,2.9734,-0.31924,5.6025
28.574,2.992,-0.29408,5.681
28.619,3.0058,-0.27206,5.7465
28.666,3.0206,-0.24451,5.825
28.706,3.0331,-0.21589,5.9036
28.734,3.0418,-0.19134,5.969
28.76,3.0501,-0.16122,6.0476
28.776,3.0551,-0.13568,6.113
28.789,3.059,-0.10468,6.1916
28.793,3.0605,-0.073473,6.2701
28.791,3.0598,-0.047445,0.052362
28.781,3.0567,-0.016353,0.1309
28.767,3.0523,0.0093079,0.19635
28.743,3.0448,0.039638,0.27489
28.718,3.0368,0.064415,0.33227
28.684,3.0262,0.093825,0.34219
28.652,3.0163,0.12345,0.30762
28.628,3.0089,0.14841,0.28373
28.601,3.0002,0.17843,0.28472
28.576,2.9927,0.20336,0.29972
28.546,2.9833,0.23281,0.31257
28.522,2.9756,0.25656,0.31242
28.495,2.967,0.28355,0.30101
28.469,2.9592,0.30938,0.29325
28.446,2.9518,0.33389,0.29612
28.427,2.9458,0.35315,0.30237
28.404,2.9389,0.37518,0.30616
28.383,2.9323,0.39601,0.30353
28.367,2.9271,0.41258,0.30047
28.351,2.9222,0.42851,0.29921
28.336,2.9176,0.44361,0.30058
28.316,2.9113,0.46381,0.3028
28.299,2.9061,0.48034,0.30314
28.287,2.902,0.49329,0.30197
28.274,2.8982,0.50561,0.30096
28.26,2.8938,0.51981,0.30082
28.249,2.8903,0.53106,0.30136
28.236,2.8863,0.54394,0.30194
28.226,2.8831,0.55426,0.30202
28.212,2.8789,0.56784,0.30149
28.203,2.876,0.57707,0.30125
28.193,2.8727,0.58759,0.30138
28.184,2.8701,0.59592,0.30159
28.175,2.8672,0.60547,0.30171
28.166,2.8643,0.61458,0.30164
28.159,2.8621,0.62175,0.30153
28.151,2.8596,0.62996,0.30148
28.144,2.8575,0.63647,0.30153
28.13,2.8531,0.65014,0.32775
28.093,2.8417,0.67923,0.40629
28.05,2.828,0.70733,0.48483
28.008,2.815,0.72987,0.55028
27.962,2.8005,0.75151,0.61573
27.889,2.7779,0.78012,0.70736
27.833,2.7603,0.79923,0.77281
27.772,2.7414,0.81715,0.83826
27.682,2.713,0.84007,0.92989
27.613,2.6916,0.85481,0.99533
27.527,2.6646,0.87059,1.0739
27.452,2.6412,0.8821,1.1393
27.375,2.6172,0.89205,1.2048
27.28,2.5875,0.90188,1.2833
27.183,2.5572,0.90936,1.3619
27.101,2.5315,0.91375,1.4273
27.001,2.5004,0.9168,1.5058
26.918,2.4744,0.91747,1.5713
26.818,2.4432,0.91614,1.6353
26.735,2.4172,0.91406,1.6532
26.619,2.3808,0.9119,1.609
26.535,2.3548,0.91145,1.5815
26.452,2.3288,0.91122,1.5819
26.352,2.2975,0.91044,1.6054
26.252,2.2663,0.909,1.6206
26.169,2.2403,0.90776,1.6142
26.069,2.2091,0.9067,1.5991
25.986,2.183,0.90609,1.5929
25.886,2.1518,0.90529,1.6002
25.802,2.1258,0.90437,1.6088
25.703,2.0945,0.90313,1.6099
25.603,2.0633,0.902,1.6047
25.519,2.0373,0.90119,1.6014
25.419,2.006,0.90023,1.6019
25.319,1.9748,0.89921,1.6046
25.236,1.9488,0.89831,1.6056
25.153,1.9228,0.89741,1.605
25.053,1.8915,0.89636,1.6037
24.953,1.8603,0.89535,1.6032
24.87,1.8343,0.8945,1.6037
24.77,1.803,0.89346,1.6045
24.686,1.777,0.89257,1.6047
24.603,1.751,0.8917,1.6044
24.503,1.7197,0.89066,1.6039
24.403,1.6885,0.88963,1.6038
24.32,1.6625,0.88877,1.604
24.22,1.6312,0.88772,1.6043
24.12,1.6,0.88667,1.6043
24.037,1.574,0.8858,1.6042
23.937,1.5428,0.88476,1.604
23.854,1.5167,0.8839,1.604
23.754,1.4855,0.88286,1.6041
23.654,1.4543,0.88182,1.6042
23.57,1.4282,0.88095,1.6042
23.47,1.397,0.87991,1.6041
23.37,1.3658,0.87887,1.6041
23.287,1.3397,0.878,1.6041
23.187,1.3085,0.87696,1.6041
23.104,1.2825,0.87609,1.6041
23.004,1.2512,0.87505,1.6041
22.904,1.22,0.87401,1.6041
22.821,1.194,0.87314,1.6041
22.721,1.1627,0.8721,1.6041
22.638,1.1367,0.87123,1.6041
22.538,1.1055,0.87019,1.6041
22.454,1.0795,0.86932,1.6041
22.371,1.0534,0.86846,1.6041
22.271,1.0222,0.86741,1.6041
22.171,0.99096,0.86637,1.6041
22.071,0.95973,0.86533,1.6041
21.988,0.9337,0.86446,1.6041
21.888,0.90247,0.86342,1.6041
21.805,0.87644,0.86255,1.6041
21.705,0.84521,0.86151,1.6041
21.621,0.81918,0.86064,1.6041
21.521,0.78795,0.8596,1.6041
21.438,0.76192,0.85874,1.6041
21.338,0.73069,0.85769,1.6041
21.255,0.70466,0.85683,1.6041
21.155,0.67343,0.85578,1.6041
21.072,0.6474,0.85492,1.6041
20.972,0.61617,0.85388,1.6041
20.872,0.58493,0.85283,1.6041
20.772,0.5537,0.85179,1.6041
20.689,0.52767,0.85092,1.6041
20.605,0.50164,0.85006,1.6041
20.505,0.47041,0.84902,1.6041
20.422,0.44438,0.84815,1.6041
20.322,0.41315,0.84711,1.6041
20.222,0.38192,0.84606,1.6041
20.122,0.35068,0.84502,1.6041
20.039,0.32466,0.84416,1.6041
19.939,0.29342,0.84311,1.6041
19.856,0.2674,0.84225,1.6041
19.756,0.23616,0.84121,1.6041
19.656,0.20493,0.84016,1.6041
19.572,0.1789,0.8393,1.6041
19.473,0.14767,0.83825,1.6041
19.389,0.12164,0.83739,1.6041
19.306,0.095612,0.83652,1.6041
19.206,0.064379,0.83548,1.6041
19.106,0.033146,0.83444,1.6041
19.006,0.0019127,0.83339,1.6041
18.923,-0.024115,0.83253,1.6041
18.823,-0.055348,0.83149,1.6041
18.74,-0.081376,0.83062,1.6041
18.64,-0.11261,0.82958,1.6041
18.54,-0.14384,0.82853,1.6041
18.456,-0.16987,0.82767,1.6041
18.356,-0.2011,0.82663,1.6041
18.273,-0.22713,0.82576,1.6041
18.173,-0.25836,0.82472,1.6041
18.09,-0.28439,0.82385,1.6041
17.99,-0.31563,0.82281,1.6041
17.89,-0.34686,0.82177,1.6041
17.807,-0.37289,0.8209,1.6041
17.723,-0.39891,0.82003,1.6041
17.624,-0.43015,0.81899,1.6041
17.54,-0.45617,0.81812,1.6041
17.44,-0.48741,0.81708,1.6041
17.34,-0.51864,0.81604,1.6041
17.257,-0.54467,0.81517,1.6041
17.157,-0.5759,0.81413,1.6041
17.057,-0.60714,0.81309,1.6041
16.974,-0.63316,0.81222,1.6041
16.891,-0.65919,0.81135,1.6041
16.791,-0.69042,0.81031,1.6041
16.691,-0.72166,0.80927,1.6041
16.591,-0.75289,0.80823,1.6041
16.507,-0.77892,0.80736,1.6041
16.424,-0.80495,0.8065,1.6041
16.341,-0.83097,0.80563,1.6041
16.241,-0.86221,0.80459,1.6041
16.141,-0.89344,0.80355,1.6041
16.058,-0.91947,0.80268,1.6041
15.958,-0.9507,0.80164,1.6041
15.875,-0.97651,0.80078,1.6041
15.763,-1.0116,0.79961,1.6041
15.687,-1.0354,0.79882,1.6041
15.614,-1.0581,0.79806,1.6041
15.531,-1.0841,0.79719,1.6041
15.465,-1.1047,0.79651,1.6041
15.39,-1.1283,0.79572,1.6041
15.318,-1.1508,0.79497,1.6041
15.249,-1.1721,0.79426,1.6041
15.195,-1.1889,0.7937,1.6041
15.144,-1.205,0.79316,1.6041
15.085,-1.2235,0.79255,1.6041
15.029,-1.241,0.79196,1.6041
14.984,-1.2549,0.7915,1.6041
14.934,-1.2707,0.79097,1.6041
14.885,-1.2858,0.79047,1.6041
14.847,-1.2977,0.79007,1.6041
14.804,-1.3114,0.78962,1.6041
14.762,-1.3244,0.78919,1.6041
14.729,-1.3346,0.78884,1.6041
14.698,-1.3444,0.78852,1.6041
14.662,-1.3556,0.78814,1.6041
14.628,-1.3663,0.78779,1.6041
14.595,-1.3765,0.78745,1.6041
14.57,-1.3845,0.78718,1.6041
14.54,-1.3937,0.78687,1.6041
14.517,-1.401,0.78663,1.6041
14.49,-1.4093,0.78635,1.6041
14.444,-1.4238,0.78567,1.6303
14.345,-1.4548,0.78238,1.7088
14.263,-1.4805,0.77779,1.7743
14.166,-1.5107,0.77008,1.8528
14.071,-1.5403,0.76002,1.9313
13.979,-1.569,0.74768,2.0099
13.905,-1.5921,0.73569,2.0753
13.834,-1.6144,0.72222,2.1408
13.752,-1.6399,0.70417,2.2193
13.675,-1.6639,0.68418,2.2979
13.615,-1.6827,0.66616,2.3578
13.558,-1.7005,0.64719,2.3991
13.49,-1.7218,0.62425,2.3839
13.42,-1.7438,0.60208,2.3448
13.36,-1.7627,0.58412,2.3278
13.287,-1.7852,0.56247,2.3462
13.229,-1.8035,0.54397,2.3684
13.159,-1.8252,0.5215,2.3719
13.089,-1.8471,0.49922,2.3586
13.018,-1.8693,0.47722,2.3497
12.959,-1.8879,0.45893,2.3512
12.888,-1.91,0.43685,2.3581
12.818,-1.932,0.41465,2.3616
12.747,-1.954,0.39246,2.359
12.688,-1.9724,0.37404,2.3557
12.618,-1.9945,0.35197,2.3545
12.559,-2.013,0.33358,2.3556
12.488,-2.035,0.31147,2.3576
12.417,-2.0571,0.28933,2.3582
12.358,-2.0755,0.27089,2.3572
12.288,-2.0976,0.24878,2.3561
12.229,-2.116,0.23037,2.3561
12.17,-2.1344,0.21195,2.3567
12.099,-2.1565,0.18984,2.3572
12.029,-2.1785,0.16772,2.3571
11.97,-2.1969,0.14929,2.3568
11.899,-2.219,0.12719,2.3565
11.828,-2.2411,0.10508,2.3566
11.758,-2.2632,0.082971,2.3568
11.699,-2.2816,0.064544,2.3569
11.64,-2.3,0.046118,2.3568
11.569,-2.3221,0.024008,2.3567
11.51,-2.3405,0.0055847,2.3567
11.44,-2.3626,-0.016524,2.3567
11.381,-2.381,-0.034949,2.3568
11.31,-2.4031,-0.057059,2.3568
11.239,-2.4252,-0.079169,2.3568
11.181,-2.4436,-0.097594,2.3568
11.11,-2.4656,-0.1197,2.3568
11.051,-2.4841,-0.13813,2.3568
10.98,-2.5061,-0.16024,2.3568
10.91,-2.5282,-0.18235,2.3568
10.851,-2.5466,-0.20077,2.3568
10.78,-2.5687,-0.22288,2.3568
10.721,-2.5871,-0.24131,2.3568
10.651,-2.6092,-0.26342,2.3568
10.58,-2.6313,-0.28553,2.3568
10.521,-2.6497,-0.30395,2.3568
10.45,-2.6718,-0.32606,2.3568
10.38,-2.6939,-0.34817,2.3568
10.321,-2.7123,-0.3666,2.3568
10.262,-2.7307,-0.38502,2.3568
10.203,-2.7491,-0.40345,2.3568
10.132,-2.7712,-0.42556,2.3568
10.062,-2.7932,-0.44767,2.3568
10.003,-2.8116,-0.46609,2.3568
9.9321,-2.8337,-0.4882,2.3568
9.8614,-2.8558,-0.51031,2.3568
9.8025,-2.8742,-0.52874,2.3568
9.7436,-2.8926,-0.54716,2.3568
9.6729,-2.9147,-0.56927,2.3568
9.6023,-2.9368,-0.59138,2.3568
9.5434,-2.9552,-0.60981,2.3568
9.4727,-2.9773,-0.63192,2.3568
9.4138,-2.9957,-0.65034,2.3568
9.3431,-3.0178,-0.67245,2.3568
9.2725,-3.0399,-0.69456,2.3568
9.2136,-3.0583,-0.71299,2.3568
9.1429,-3.0803,-0.7351,2.3568
9.084,-3.0987,-0.75352,2.3568
9.0133,-3.1208,-0.77563,2.3568
8.9427,-3.1429,-0.79774,2.3568
8.8838,-3.1613,-0.81617,2.3568
8.8249,-3.1797,-0.83459,2.3568
8.7542,-3.2018,-0.8567,2.3568
8.6953,-3.2202,-0.87513,2.3568
8.6246,-3.2423,-0.89724,2.3568
8.554,-3.2644,-0.91935,2.3568
8.4951,-3.2828,-0.93777,2.3568
8.4244,-3.3049,-0.95988,2.3568
8.3655,-3.3233,-0.97831,2.3568
8.2831,-3.349,-1.0041,2.3568
8.2242,-3.3674,-1.0225,2.3568
8.1653,-3.3858,-1.041,2.3568
8.0946,-3.4079,-1.0631,2.3568
8.0239,-3.43,-1.0852,2.3568
7.965,-3.4484,-1.1036,2.3568
7.8944,-3.4705,-1.1257,2.3568
7.8355,-3.4889,-1.1441,2.3568
7.7648,-3.511,-1.1662,2.3568
7.7059,-3.5294,-1.1847,2.3568
7.6352,-3.5515,-1.2068,2.3568
7.5764,-3.5699,-1.2252,2.3568
7.5057,-3.592,-1.2473,2.3568
7.4468,-3.6104,-1.2657,2.3568
7.3879,-3.6288,-1.2842,2.3568
7.3172,-3.6509,-1.3063,2.3568
7.2466,-3.6729,-1.3284,2.3568
7.1759,-3.695,-1.3505,2.3568
7.117,-3.7134,-1.3689,2.3568
7.0581,-3.7318,-1.3873,2.3568
6.9874,-3.7539,-1.4095,2.3568
6.9168,-3.776,-1.4316,2.3568
6.8461,-3.7981,-1.4537,2.3568
6.7872,-3.8165,-1.4721,2.3568
6.7165,-3.8386,-1.4942,2.3568
6.6576,-3.857,-1.5126,2.3568
6.587,-3.8791,-1.5347,2.3568
6.5163,-3.9012,-1.5569,2.3568
6.4574,-3.9196,-1.5753,2.3568
6.3867,-3.9416,-1.5974,2.3568
6.3283,-3.9599,-1.6157,2.3568
6.271,-3.9778,-1.6336,2.3568
6.2055,-3.9983,-1.6541,2.3568
6.1431,-4.0178,-1.6736,2.3568
6.0939,-4.0332,-1.689,2.3568
6.0376,-4.0508,-1.7066,2.3568
5.9925,-4.0649,-1.7207,2.3568
5.9413,-4.0808,-1.7367,2.3568
5.9004,-4.0936,-1.7495,2.3568
5.854,-4.1081,-1.7641,2.3568
5.8173,-4.1196,-1.7756,2.3568
5.7752,-4.1328,-1.7887,2.3568
5.735,-4.1453,-1.8013,2.3568
5.7031,-4.1553,-1.8113,2.3568
5.6668,-4.1666,-1.8226,2.3568
5.6381,-4.1756,-1.8316,2.3568
5.6053,-4.1858,-1.8419,2.3568
5.5792,-4.194,-1.85,2.3568
5.5494,-4.2033,-1.8594,2.3568
5.5258,-4.2107,-1.8668,2.3568
5.4987,-4.2192,-1.8752,2.3568
5.4731,-4.2272,-1.8832,2.3568
5.4527,-4.2335,-1.8896,2.3568
5.4332,-4.2396,-1.8957,2.3568
5.4107,-4.2467,-1.9028,2.3568
5.3894,-4.2533,-1.9094,2.3568
5.3692,-4.2596,-1.9157,2.3568
5.3534,-4.2646,-1.9207,2.3568
5.3352,-4.2703,-1.9264,2.3568
5.3023,-4.2805,-1.9364,2.3306
5.2268,-4.3041,-1.9568,2.2521
5.1463,-4.3293,-1.9754,2.1735
5.0759,-4.3513,-1.9893,2.1081
5.0027,-4.3742,-2.0017,2.0426
4.9116,-4.4026,-2.0146,1.9641
4.8176,-4.432,-2.0253,1.8855
4.7374,-4.4571,-2.0324,1.8201
4.656,-4.4825,-2.0378,1.7546
4.5569,-4.5135,-2.0421,1.6761
4.4738,-4.5394,-2.0438,1.6107
4.3738,-4.5707,-2.0436,1.5321
4.2742,-4.6018,-2.041,1.4536
4.1755,-4.6326,-2.0359,1.375
4.0945,-4.658,-2.0298,1.3096
4.0149,-4.6828,-2.0221,1.2441
3.9218,-4.7119,-2.0108,1.1656
3.8318,-4.7401,-1.9971,1.0871
3.7597,-4.7626,-1.9841,1.0216
3.6769,-4.7885,-1.9666,0.94307
3.6114,-4.8089,-1.9505,0.87762
3.5375,-4.832,-1.9295,0.79908
3.4691,-4.8534,-1.9067,0.72054
3.4166,-4.8698,-1.8865,0.65509
3.3685,-4.8848,-1.8652,0.58964
3.3168,-4.901,-1.8385,0.5111
3.2719,-4.915,-1.8106,0.43256
3.2342,-4.9268,-1.7816,0.35402
3.2039,-4.9363,-1.7519,0.27548
3.1844,-4.9424,-1.7265,0.21003
3.1702,-4.9468,-1.7009,0.14458
3.1604,-4.9499,-1.6698,0.066041
3.1584,-4.9505,-1.6386,6.2707
3.1627,-4.9492,-1.6126,6.2052
3.1724,-4.9461,-1.5867,6.1398
3.1912,-4.9402,-1.556,6.0612
3.2127,-4.9335,-1.5309,5.9958
3.2451,-4.9234,-1.5013,5.9318
3.2809,-4.9122,-1.4721,5.9191
3.3146,-4.9017,-1.4427,5.956
3.3397,-4.8938,-1.4179,5.9878
3.3687,-4.8848,-1.388,5.9841
3.3942,-4.8768,-1.3632,5.9636
3.4267,-4.8666,-1.3336,5.9483
3.4541,-4.8581,-1.309,5.9502
3.486,-4.8481,-1.2794,5.9648
3.5117,-4.8401,-1.2546,5.9708
3.5425,-4.8305,-1.2249,5.9667
3.5688,-4.8223,-1.2002,5.9612
3.6006,-4.8123,-1.1706,5.959
3.6271,-4.804,-1.1459,5.9608
3.6586,-4.7942,-1.1162,5.9642
3.6898,-4.7844,-1.0865,5.9652
3.7159,-4.7763,-1.0618,5.9638
3.7475,-4.7664,-1.0321,5.9618
3.7738,-4.7582,-1.0074,5.9613
3.8054,-4.7483,-0.97778,5.9625
3.8368,-4.7385,-0.94811,5.9637
3.863,-4.7303,-0.92339,5.9636
3.8945,-4.7205,-0.89373,5.9627
3.9207,-4.7123,-0.86901,5.9624
3.9523,-4.7024,-0.83936,5.9626
3.9838,-4.6926,-0.80969,5.963
4.01,-4.6844,-0.78498,5.9631
4.0415,-4.6745,-0.75531,5.9629
4.073,-4.6647,-0.72566,5.9627
4.0992,-4.6565,-0.70094,5.9627
4.1255,-4.6483,-0.67622,5.9628
4.1569,-4.6385,-0.64656,5.9629
4.1884,-4.6286,-0.6169,5.9629
4.2199,-4.6188,-0.58724,5.9628
4.2462,-4.6106,-0.56253,5.9628
4.2724,-4.6024,-0.53781,5.9628
4.3039,-4.5925,-0.50815,5.9629
4.3354,-4.5827,-0.47849,5.9629
4.3669,-4.5729,-0.44883,5.9628
4.3931,-4.5647,-0.42411,5.9628
4.4194,-4.5565,-0.39939,5.9628
4.4508,-4.5466,-0.36973,5.9628
4.4771,-4.5384,-0.34501,5.9628
4.5086,-4.5286,-0.31535,5.9628
4.5348,-4.5204,-0.29063,5.9628
4.5663,-4.5105,-0.26097,5.9628
4.5978,-4.5007,-0.23131,5.9628
4.624,-4.4925,-0.2066,5.9628
4.6555,-4.4826,-0.17694,5.9628
4.687,-4.4728,-0.14727,5.9628
4.7133,-4.4646,-0.12256,5.9628
4.7395,-4.4564,-0.09784,5.9628
4.771,-4.4466,-0.068179,5.9628
4.7972,-4.4384,-0.043462,5.9628
4.8287,-4.4285,-0.013802,5.9628
4.855,-4.4203,0.010914,5.9628
4.8865,-4.4105,0.040574,5.9628
4.918,-4.4006,0.070234,5.9628
4.9442,-4.3924,0.09495,5.9628
4.9757,-4.3826,0.12461,5.9628
5.0072,-4.3728,0.15427,5.9628
5.0334,-4.3646,0.17899,5.9628
5.0649,-4.3547,0.20865,5.9628
5.0912,-4.3465,0.23336,5.9628
5.1226,-4.3367,0.26302,5.9628
5.1541,-4.3268,0.29268,5.9628
5.1804,-4.3186,0.3174,5.9628
5.2066,-4.3104,0.34211,5.9628
5.2381,-4.3006,0.37177,5.9628
5.2643,-4.2924,0.39649,5.9628
5.2958,-4.2826,0.42615,5.9628
5.3273,-4.2727,0.45581,5.9628
5.3536,-4.2645,0.48053,5.9628
5.3851,-4.2547,0.51019,5.9628
5.4113,-4.2465,0.5349,5.9628
5.4428,-4.2366,0.56456,5.9628
5.469,-4.2284,0.58928,5.9628
5.5005,-4.2186,0.61894,5.9628
5.5268,-4.2104,0.64365,5.9628
5.5583,-4.2005,0.67331,5.9628
5.5845,-4.1923,0.69803,5.9628
5.616,-4.1825,0.72769,5.9628
5.6422,-4.1743,0.75241,5.9628
5.6737,-4.1645,0.78207,5.9628
5.7052,-4.1546,0.81172,5.9628
5.7315,-4.1464,0.83644,5.9628
5.7577,-4.1382,0.86116,5.9628
5.7892,-4.1284,0.89082,5.9628
5.8207,-4.1185,0.92048,5.9628
5.8469,-4.1103,0.94519,5.9628
5.8784,-4.1005,0.97485,5.9628
5.9047,-4.0923,0.99957,5.9628
5.9309,-4.0841,1.0243,5.9628
5.9624,-4.0743,1.0539,5.9628
5.9939,-4.0644,1.0836,5.9628
6.0201,-4.0562,1.1083,5.9628
6.0516,-4.0464,1.138,5.9628
6.0831,-4.0365,1.1676,5.9628
6.1093,-4.0283,1.1924,5.9628
6.1408,-4.0185,1.222,5.9628
6.1671,-4.0103,1.2467,5.9628
6.1986,-4.0004,1.2764,5.9628
6.2248,-3.9922,1.3011,5.9628
6.2563,-3.9824,1.3308,5.9628
6.2825,-3.9742,1.3555,5.9628
6.314,-3.9644,1.3851,5.9628
6.3403,-3.9562,1.4099,5.9628
6.3665,-3.948,1.4346,5.9628
6.398,-3.9381,1.4642,5.9628
6.4293,-3.9284,1.4937,5.9628
6.4588,-3.9191,1.5215,5.9628
6.4869,-3.9103,1.548,5.9628
6.5132,-3.9021,1.5728,5.9628
6.5342,-3.8956,1.5925,5.9628
6.5541,-3.8893,1.6113,5.9628
6.5771,-3.8822,1.6329,5.9628
6.5955,-3.8764,1.6502,5.9628
6.6163,-3.8699,1.6698,5.9628
6.633,-3.8647,1.6856,5.9628
6.6519,-3.8588,1.7034,5.9628
6.6699,-3.8531,1.7204,5.9628
6.687,-3.8478,1.7365,5.9628
6.7005,-3.8436,1.7492,5.9628
6.7134,-3.8396,1.7613,5.9628
6.7282,-3.8349,1.7752,5.9628
6.7421,-3.8306,1.7884,5.9628
6.7532,-3.8271,1.7988,5.9628
6.766,-3.8231,1.8108,5.9628
6.778,-3.8194,1.8221,5.9628
6.7875,-3.8164,1.8311,5.9628
6.7985,-3.813,1.8414,5.9628
6.8071,-3.8103,1.8496,5.9628
6.8171,-3.8072,1.8589,5.9628
6.8249,-3.8047,1.8664,5.9628
6.834,-3.8019,1.8748,5.9628
6.8411,-3.7997,1.8816,5.9628
6.8493,-3.7971,1.8893,5.9628
6.8657,-3.792,1.9041,5.9367
6.897,-3.7822,1.9282,5.8712
6.9412,-3.7684,1.9562,5.7927
6.9833,-3.7552,1.9787,5.7272
7.0301,-3.7406,2.0003,5.6618
7.0919,-3.7213,2.0248,5.5832
7.1598,-3.7001,2.0478,5.5047
7.2331,-3.6771,2.069,5.4262
7.2982,-3.6568,2.0852,5.3607
7.3806,-3.6311,2.1029,5.2822
7.4525,-3.6086,2.1161,5.2167
7.5421,-3.5806,2.1299,5.1382
7.635,-3.5516,2.1415,5.0596
7.7144,-3.5268,2.1494,4.9942
7.8116,-3.4964,2.1567,4.9156
7.9103,-3.4655,2.1616,4.8371
7.9933,-3.4396,2.1639,4.7717
8.0766,-3.4136,2.1644,4.7062
8.1598,-3.3875,2.1632,4.6408
8.2591,-3.3565,2.1595,4.5622
8.3572,-3.3259,2.1534,4.4837
8.4534,-3.2958,2.145,4.4051
8.5318,-3.2713,2.1361,4.3397
8.6231,-3.2428,2.1234,4.2611
8.711,-3.2153,2.1085,4.1826
8.7812,-3.1934,2.0945,4.1172
8.8613,-3.1683,2.0758,4.0386
8.9244,-3.1486,2.0588,3.9732
8.9952,-3.1265,2.0368,3.9044
9.0627,-3.1054,2.0137,3.8791
9.1196,-3.0876,1.9947,3.9072
9.1786,-3.0692,1.9763,3.939
9.2506,-3.0467,1.9546,3.9429
9.3101,-3.0281,1.9364,3.9308
9.3804,-3.0061,1.9141,3.918
9.4504,-2.9842,1.8918,3.918
9.5091,-2.9659,1.8733,3.9256
9.58,-2.9437,1.8513,3.9321
9.6511,-2.9215,1.8293,3.931
9.7101,-2.9031,1.8109,3.9267
9.7689,-2.8847,1.7925,3.9244
9.8394,-2.8627,1.7703,3.9252
9.9101,-2.8406,1.7482,3.9272
9.9691,-2.8222,1.7298,3.9278
10.04,-2.8001,1.7077,3.9271
10.099,-2.7817,1.6893,3.9262
10.169,-2.7596,1.6672,3.9261
10.228,-2.7412,1.6488,3.9265
10.299,-2.7191,1.6267,3.927
10.37,-2.697,1.6046,3.927
10.44,-2.6749,1.5825,3.9266
10.499,-2.6565,1.564,3.9265
10.57,-2.6344,1.5419,3.9266
10.629,-2.616,1.5235,3.9267
10.688,-2.5976,1.5051,3.9268
10.758,-2.5755,1.483,3.9267
10.817,-2.5571,1.4646,3.9266
10.876,-2.5387,1.4461,3.9266
10.947,-2.5166,1.424,3.9267
11.018,-2.4945,1.4019,3.9267
11.077,-2.4761,1.3835,3.9267
11.159,-2.4503,1.3577,3.9267
11.218,-2.4319,1.3393,3.9266
11.277,-2.4135,1.3209,3.9267
11.348,-2.3914,1.2988,3.9267
11.406,-2.373,1.2804,3.9267
11.477,-2.3509,1.2583,3.9267
11.548,-2.3288,1.2362,3.9267
11.607,-2.3104,1.2177,3.9267
11.677,-2.2883,1.1956,3.9267
11.748,-2.2662,1.1735,3.9267
11.819,-2.2441,1.1514,3.9267
11.878,-2.2257,1.133,3.9267
11.937,-2.2073,1.1146,3.9267
12.007,-2.1852,1.0925,3.9267
12.078,-2.1631,1.0704,3.9267
12.137,-2.1447,1.052,3.9267
12.208,-2.1226,1.0299,3.9267
12.278,-2.1006,1.0077,3.9267
12.337,-2.0822,0.98933,3.9267
12.396,-2.0637,0.97091,3.9267
12.467,-2.0417,0.9488,3.9267
12.526,-2.0232,0.93038,3.9267
12.596,-2.0012,0.90828,3.9267
12.655,-1.9827,0.88986,3.9267
12.714,-1.9643,0.87144,3.9267
12.785,-1.9423,0.84933,3.9267
12.855,-1.9202,0.82723,3.9267
12.926,-1.8981,0.80513,3.9267
12.997,-1.876,0.78302,3.9267
13.056,-1.8576,0.7646,3.9267
13.115,-1.8392,0.74618,3.9267
13.185,-1.8171,0.72408,3.9267
13.244,-1.7987,0.70566,3.9267
13.315,-1.7766,0.68355,3.9267
13.386,-1.7545,0.66145,3.9267
13.456,-1.7324,0.63934,3.9267
13.515,-1.714,0.62092,3.9267
13.586,-1.6919,0.59882,3.9267
13.645,-1.6735,0.5804,3.9267
13.715,-1.6514,0.5583,3.9267
13.774,-1.633,0.53988,3.9267
13.845,-1.6109,0.51777,3.9267
13.916,-1.5888,0.49567,3.9267
13.975,-1.5704,0.47725,3.9267
14.034,-1.552,0.45883,3.9267
14.104,-1.5299,0.43672,3.9267
14.163,-1.5115,0.4183,3.9267
14.234,-1.4894,0.3962,3.9267
14.305,-1.4673,0.37409,3.9267
14.363,-1.4489,0.35567,3.9267
14.434,-1.4268,0.33357,3.9267
14.493,-1.4084,0.31515,3.9267
14.564,-1.3863,0.29304,3.9267
14.634,-1.3642,0.27094,3.9267
14.693,-1.3458,0.25252,3.9267
14.764,-1.3237,0.23042,3.9267
14.823,-1.3053,0.212,3.9267
14.894,-1.2833,0.18989,3.9267
14.964,-1.2612,0.16779,3.9267
15.023,-1.2428,0.14937,3.9267
15.082,-1.2243,0.13095,3.9267
15.141,-1.2059,0.11253,3.9267
15.212,-1.1838,0.090429,3.9267
15.282,-1.1618,0.068326,3.9267
15.341,-1.1433,0.049907,3.9267
15.412,-1.1213,0.027804,3.9267
15.483,-1.0992,0.0056995,3.9267
15.553,-1.0771,-0.016405,3.9267
15.612,-1.0587,-0.034824,3.9267
15.683,-1.0367,-0.056792,3.9267
15.739,-1.019,-0.074505,3.9267
15.804,-0.99872,-0.094807,3.9267
15.856,-0.98264,-0.1109,3.9267
15.914,-0.96422,-0.12932,3.9267
15.961,-0.94963,-0.14393,3.9267
16.006,-0.93562,-0.15795,3.9267
16.057,-0.91962,-0.17396,3.9267
16.106,-0.90435,-0.18923,3.9267
16.152,-0.88988,-0.20372,3.9267
16.189,-0.87848,-0.21512,3.9267
16.231,-0.86542,-0.22818,3.9267
16.264,-0.85508,-0.23853,3.9267
16.302,-0.84323,-0.25039,3.9267
16.338,-0.83202,-0.2616,3.9267
16.366,-0.82312,-0.27051,3.9267
16.398,-0.81299,-0.28065,3.9267
16.424,-0.8049,-0.28874,3.9267
16.454,-0.79564,-0.29801,3.9267
16.482,-0.7868,-0.30686,3.9267
16.505,-0.77983,-0.31382,3.9267
16.53,-0.77186,-0.3218,3.9267
16.55,-0.76554,-0.32812,3.9267
16.573,-0.7583,-0.33536,3.9267
16.596,-0.7514,-0.34228,3.9267
16.613,-0.74596,-0.34772,3.9267
16.63,-0.74074,-0.35294,3.9267
16.649,-0.73478,-0.35891,3.9267
16.685,-0.72341,-0.36999,3.9529
16.748,-0.70384,-0.38716,4.0183
16.827,-0.67894,-0.40603,4.0969
16.912,-0.65263,-0.42288,4.1754
16.985,-0.62975,-0.43531,4.2409
17.076,-0.6013,-0.44821,4.3194
17.154,-0.57688,-0.45725,4.382
17.25,-0.54698,-0.46634,4.4301
17.346,-0.51702,-0.47522,4.4092
17.425,-0.49234,-0.48351,4.3779
17.503,-0.46784,-0.49234,4.3629
17.597,-0.43841,-0.50285,4.3765
17.692,-0.40878,-0.51277,4.3959
17.771,-0.38401,-0.5208,4.3974
17.866,-0.35436,-0.53067,4.3864
17.945,-0.32973,-0.53913,4.3802
18.039,-0.30018,-0.54931,4.3818
18.134,-0.27059,-0.55936,4.3873
18.229,-0.24096,-0.56929,4.3887
18.308,-0.21628,-0.5776,4.3871
18.387,-0.19162,-0.58595,4.3852
18.482,-0.16203,-0.59601,4.3846
18.576,-0.13244,-0.60606,4.3856
18.655,-0.10777,-0.6144,4.3864
18.75,-0.078165,-0.62441,4.3865
18.829,-0.053496,-0.63275,4.386
18.908,-0.028831,-0.64111,4.3856
19.002,0.00076523,-0.65114,4.3857
19.097,0.030364,-0.66116,4.386
19.176,0.055032,-0.66951,4.3861
19.255,0.079699,-0.67786,4.3861
19.35,0.1093,-0.68788,4.3859
19.444,0.1389,-0.6979,4.3858
19.523,0.16356,-0.70626,4.3858
19.618,0.19316,-0.71628,4.386
19.713,0.22276,-0.7263,4.386
19.792,0.24743,-0.73465,4.386
19.886,0.27703,-0.74467,4.3859
19.965,0.3017,-0.75302,4.3859
20.06,0.33129,-0.76304,4.3859
20.155,0.36089,-0.77306,4.386
20.234,0.38556,-0.78141,4.386
20.329,0.41516,-0.79144,4.3859
20.407,0.43982,-0.79979,4.3859
20.486,0.46449,-0.80814,4.3859
20.581,0.49409,-0.81816,4.3859
20.676,0.52369,-0.82818,4.3859
20.771,0.55329,-0.8382,4.3859
20.865,0.58289,-0.84823,4.3859
20.944,0.60755,-0.85658,4.3859
21.023,0.63222,-0.86493,4.3859
21.118,0.66182,-0.87495,4.3859
21.197,0.68648,-0.8833,4.3859
21.291,0.71608,-0.89332,4.3859
21.449,0.76541,-0.91003,4.3859
21.544,0.79501,-0.92005,4.3859
21.623,0.81968,-0.9284,4.3859
21.702,0.84434,-0.93675,4.3859
21.797,0.87394,-0.94677,4.3859
21.891,0.90354,-0.9568,4.3859
21.97,0.92821,-0.96515,4.3859
22.049,0.95287,-0.9735,4.3859
22.144,0.98247,-0.98352,4.3859
22.239,1.0121,-0.99354,4.3859
22.318,1.0367,-1.0019,4.3859
22.412,1.0663,-1.0119,4.3859
22.507,1.0959,-1.0219,4.3859
22.586,1.1206,-1.0303,4.3859
22.681,1.1502,-1.0403,4.3859
22.76,1.1749,-1.0487,4.3859
22.854,1.2045,-1.0587,4.3859
22.933,1.2291,-1.067,4.3859
23.028,1.2587,-1.0771,4.3859
23.123,1.2883,-1.0871,4.3859
23.217,1.3179,-1.0971,4.3859
23.296,1.3426,-1.1055,4.3859
23.391,1.3722,-1.1155,4.3859
23.47,1.3969,-1.1238,4.3859
23.565,1.4265,-1.1338,4.3859
23.659,1.4561,-1.1439,4.3859
23.738,1.4807,-1.1522,4.3859
23.833,1.5103,-1.1622,4.3859
23.912,1.535,-1.1706,4.3859
23.991,1.5597,-1.1789,4.3859
24.086,1.5893,-1.189,4.3859
24.18,1.6189,-1.199,4.3859
24.275,1.6484,-1.209,4.3859
24.354,1.6731,-1.2174,4.3859
24.433,1.6978,-1.2257,4.3859
24.528,1.7274,-1.2357,4.3859
24.607,1.752,-1.2441,4.3859
24.701,1.7816,-1.2541,4.3859
24.796,1.8112,-1.2641,4.3859
24.875,1.8359,-1.2725,4.3859
24.97,1.8655,-1.2825,4.3859
25.064,1.8951,-1.2925,4.3859
25.143,1.9198,-1.3009,4.3859
25.238,1.9494,-1.3109,4.3859
25.317,1.974,-1.3192,4.3859
25.396,1.9987,-1.3276,4.3859
25.491,2.0283,-1.3376,4.3859
25.585,2.0579,-1.3476,4.3859
25.664,2.0826,-1.356,4.3859
25.759,2.1122,-1.366,4.3859
25.838,2.1368,-1.3744,4.3859
25.933,2.1664,-1.3844,4.3859
26.027,2.196,-1.3944,4.3859
26.106,2.2207,-1.4028,4.3859
26.185,2.2454,-1.4111,4.3859
26.28,2.275,-1.4211,4.3859
26.359,2.2996,-1.4295,4.3859
26.454,2.3292,-1.4395,4.3859
26.548,2.3588,-1.4495,4.3859
26.627,2.3835,-1.4579,4.3859
26.722,2.4131,-1.4679,4.3859
26.801,2.4378,-1.4762,4.3859
26.896,2.4674,-1.4863,4.3859
26.99,2.497,-1.4963,4.3859
27.085,2.5266,-1.5063,4.3859
27.164,2.5512,-1.5147,4.3859
27.243,2.5759,-1.523,4.3859
27.338,2.6055,-1.533,4.3859
27.432,2.6351,-1.5431,4.3859
27.511,2.6597,-1.5514,4.3859
27.606,2.6893,-1.5614,4.3859
27.685,2.714,-1.5698,4.3859
27.78,2.7436,-1.5798,4.3859
27.858,2.7683,-1.5881,4.3859
27.953,2.7979,-1.5982,4.3859
28.048,2.8275,-1.6082,4.3859
28.127,2.8521,-1.6165,4.3859
28.222,2.8817,-1.6266,4.3859
28.301,2.9064,-1.6349,4.3859
28.395,2.936,-1.6449,4.3859
28.474,2.9607,-1.6533,4.3859
28.569,2.9903,-1.6633,4.3859
28.648,3.0149,-1.6717,4.3859
28.743,3.0445,-1.6817,4.3859
28.821,3.0692,-1.69,4.3859
28.916,3.0988,-1.7001,4.3859
29.011,3.1284,-1.7101,4.3859
29.09,3.1531,-1.7184,4.3859
29.185,3.1827,-1.7285,4.3859
29.295,3.2172,-1.7401,4.3859
29.358,3.2369,-1.7468,4.3859
29.453,3.2665,-1.7568,4.3859
29.548,3.2961,-1.7669,4.3859
29.642,3.3257,-1.7769,4.3859
29.721,3.3504,-1.7852,4.3859
29.8,3.3751,-1.7936,4.3859
29.895,3.4047,-1.8036,4.3859
29.99,3.4343,-1.8136,4.3859
30.069,3.4589,-1.822,4.3859
30.163,3.4885,-1.832,4.3859
30.242,3.5132,-1.8404,4.3859
30.337,3.5428,-1.8504,4.3859
30.416,3.5675,-1.8587,4.3859
30.511,3.5971,-1.8687,4.3859
30.589,3.6217,-1.8771,4.3859
30.684,3.6513,-1.8871,4.3859
30.779,3.6809,-1.8971,4.3859
30.858,3.7056,-1.9055,4.3859
30.953,3.7352,-1.9155,4.3859
31.032,3.7598,-1.9239,4.3859
31.126,3.7894,-1.9339,4.3859
31.205,3.8141,-1.9422,4.3859
31.3,3.8437,-1.9523,4.3859
31.395,3.8733,-1.9623,4.3859
31.474,3.898,-1.9706,4.3859
31.568,3.9276,-1.9807,4.3859
31.663,3.9572,-1.9907,4.3859
31.742,3.9818,-1.999,4.3859
31.821,4.0065,-2.0074,4.3859
31.916,4.0361,-2.0174,4.3859
31.994,4.0608,-2.0258,4.3859
32.089,4.0904,-2.0358,4.3859
32.184,4.12,-2.0458,4.3859
32.263,4.1446,-2.0541,4.3859
32.358,4.1742,-2.0642,4.3859
32.436,4.1989,-2.0725,4.3859
32.531,4.2285,-2.0825,4.3859
32.626,4.2581,-2.0926,4.3859
32.705,4.2828,-2.1009,4.3859
32.8,4.3124,-2.1109,4.3859
32.878,4.337,-2.1193,4.3859
32.957,4.3617,-2.1276,4.3859
33.052,4.3913,-2.1377,4.3859
33.147,4.4209,-2.1477,4.3859
33.225,4.4453,-2.156,4.3859
33.316,4.4739,-2.1656,4.3859
33.389,4.4965,-2.1733,4.3859
33.472,4.5225,-2.1821,4.3859
33.538,4.5432,-2.1891,4.3859
33.614,4.5667,-2.1971,4.3859
33.685,4.589,-2.2046,4.3859
33.742,4.6069,-2.2106,4.3859
33.807,4.6271,-2.2175,4.3859
33.858,4.6432,-2.2229,4.3859
33.917,4.6615,-2.2292,4.3859
33.963,4.6761,-2.2341,4.3859
34.017,4.6928,-2.2397,4.3859
34.067,4.7086,-2.2451,4.3859
34.108,4.7212,-2.2494,4.3859
34.154,4.7356,-2.2542,4.3859
34.191,4.7471,-2.2581,4.3859
34.232,4.7601,-2.2625,4.3859
34.266,4.7705,-2.2661,4.3859
34.304,4.7824,-2.2701,4.3859
34.34,4.7936,-2.2739,4.3859
34.368,4.8025,-2.2769,4.3859
34.401,4.8127,-2.2803,4.3859
34.426,4.8207,-2.2831,4.3859
34.456,4.83,-2.2862,4.3859
34.48,4.8374,-2.2887,4.3859
34.506,4.8457,-2.2915,4.3859
34.532,4.8537,-2.2942,4.3859
34.576,4.8675,-2.2987,4.4121
34.673,4.8978,-2.3065,4.4907
34.755,4.9234,-2.3113,4.5561
34.854,4.9544,-2.3147,4.6347
34.954,4.9856,-2.3157,4.7132
35.037,5.0117,-2.3147,4.7786
35.12,5.0375,-2.3119,4.8441
35.219,5.0683,-2.3064,4.9226
35.299,5.0935,-2.3,4.9881
35.394,5.1232,-2.2901,5.0666
35.486,5.1519,-2.2779,5.1452
35.56,5.1751,-2.2661,5.2106
35.646,5.2019,-2.2499,5.2891
35.714,5.2231,-2.2349,5.3546
35.791,5.2473,-2.215,5.4331
35.852,5.2661,-2.1971,5.4986
35.919,5.2872,-2.174,5.5771
35.98,5.3063,-2.1493,5.6557
36.026,5.3208,-2.1277,5.7211
36.076,5.3362,-2.1005,5.7997
36.112,5.3474,-2.077,5.8651
36.142,5.357,-2.0528,5.9306
36.173,5.3665,-2.023,6.0091
36.195,5.3735,-1.9926,6.0876
36.208,5.3776,-1.9669,6.1531
36.216,5.3799,-1.9409,6.2185
36.217,5.3804,-1.9045,0.026984
36.212,5.3787,-1.8785,0.092434
36.198,5.3744,-1.8476,0.17097
36.181,5.3689,-1.8221,0.23642
36.153,5.3602,-1.7921,0.31496
36.124,5.3512,-1.7677,0.38041
36.09,5.3406,-1.7439,0.44586
36.043,5.326,-1.7163,0.5056
35.994,5.3106,-1.6891,0.50675
35.955,5.2984,-1.666,0.47226
35.911,5.2848,-1.6379,0.44195
35.876,5.2737,-1.6144,0.44739
35.831,5.2598,-1.5864,0.47124
35.793,5.2477,-1.5633,0.48386
35.747,5.2333,-1.5356,0.47456
35.702,5.2193,-1.5077,0.46119
35.665,5.2078,-1.4843,0.45875
35.628,5.1962,-1.461,0.46377
35.583,5.1821,-1.4331,0.47015
35.537,5.1679,-1.4053,0.47079
35.492,5.1538,-1.3774,0.46661
35.455,5.1421,-1.3541,0.46428
35.41,5.1281,-1.3262,0.46493
35.372,5.1164,-1.3029,0.46662
35.327,5.1023,-1.275,0.46765
35.29,5.0906,-1.2518,0.46735
35.245,5.0765,-1.2238,0.46621
35.2,5.0625,-1.1959,0.46588
35.162,5.0508,-1.1727,0.46622
35.117,5.0367,-1.1447,0.46672
35.08,5.025,-1.1215,0.46685
35.042,5.0133,-1.0982,0.46661
34.998,4.9992,-1.0703,0.46625
34.953,4.9852,-1.0424,0.46622
34.908,4.9711,-1.0145,0.46646
34.87,4.9594,-0.99124,0.46659
34.825,4.9454,-0.96333,0.46653
34.788,4.9336,-0.94007,0.46644
34.743,4.9196,-0.91216,0.46641
34.705,4.9079,-0.8889,0.46644
34.668,4.8962,-0.86564,0.46649
34.623,4.8821,-0.83773,0.4665
34.578,4.8681,-0.80981,0.46648
34.54,4.8564,-0.78655,0.46646
34.495,4.8423,-0.75864,0.46646
34.458,4.8306,-0.73538,0.46647
34.413,4.8165,-0.70747,0.46648
34.375,4.8048,-0.68421,0.46648
34.33,4.7908,-0.6563,0.46647
34.286,4.7767,-0.62839,0.46646
34.241,4.7627,-0.60047,0.46647
34.203,4.751,-0.57721,0.46647
34.158,4.7369,-0.5493,0.46648
34.121,4.7252,-0.52604,0.46647
34.083,4.7135,-0.50278,0.46647
34.038,4.6994,-0.47487,0.46647
34.001,4.6877,-0.45161,0.46647
33.956,4.6737,-0.4237,0.46647
33.911,4.6596,-0.39578,0.46648
33.873,4.6479,-0.37252,0.46648
33.828,4.6338,-0.34461,0.46648
33.791,4.6221,-0.32135,0.46648
33.746,4.6081,-0.29344,0.46648
33.701,4.594,-0.26553,0.46648
33.656,4.58,-0.23762,0.46648
33.618,4.5683,-0.21436,0.46648
33.581,4.5565,-0.1911,0.46648
33.536,4.5425,-0.16318,0.46648
33.491,4.5284,-0.13527,0.46648
33.454,4.5167,-0.11201,0.46648
33.409,4.5027,-0.084099,0.46648
33.371,4.491,-0.060839,0.46648
33.326,4.4769,-0.032928,0.46648
33.281,4.4629,-0.0050165,0.46648
33.244,4.4511,0.018243,0.46648
33.199,4.4371,0.046154,0.46648
33.161,4.4254,0.069413,0.46648
33.116,4.4113,0.097324,0.46648
33.079,4.3996,0.12058,0.46649
33.034,4.3856,0.14849,0.46649
32.996,4.3739,0.17175,0.46649
32.951,4.3598,0.19966,0.46649
32.906,4.3457,0.22758,0.46649
32.869,4.334,0.25083,0.46649
32.824,4.32,0.27875,0.46649
32.786,4.3083,0.302,0.46649
32.749,4.2966,0.32526,0.46649
32.704,4.2825,0.35317,0.46649
32.659,4.2685,0.38109,0.46649
32.622,4.2567,0.40434,0.46649
32.577,4.2427,0.43226,0.46649
32.532,4.2286,0.46017,0.46649
32.494,4.2169,0.48343,0.46649
32.457,4.2052,0.50669,0.46649
32.404,4.1888,0.53925,0.4665
32.359,4.1748,0.56716,0.4665
32.322,4.1631,0.59042,0.4665
32.284,4.1513,0.61368,0.4665
32.239,4.1373,0.64159,0.4665
32.194,4.1232,0.6695,0.4665
32.157,4.1115,0.69276,0.4665
32.112,4.0975,0.72067,0.4665
32.074,4.0858,0.74393,0.4665
32.037,4.0741,0.76719,0.4665
31.984,4.0577,0.79975,0.4665
31.947,4.0459,0.82301,0.46651
31.91,4.0342,0.84627,0.46651
31.865,4.0202,0.87418,0.46651
31.82,4.0061,0.90209,0.46651
31.782,3.9944,0.92535,0.46651
31.737,3.9804,0.95326,0.46651
31.7,3.9687,0.97652,0.46651
31.655,3.9546,1.0044,0.46652
31.617,3.9429,1.0277,0.46652
31.572,3.9288,1.0556,0.46652
31.535,3.9171,1.0789,0.46652
31.49,3.9031,1.1068,0.46652
31.445,3.889,1.1347,0.46652
31.407,3.8773,1.1579,0.46652
31.362,3.8632,1.1859,0.46652
31.325,3.8515,1.2091,0.46653
31.28,3.8375,1.237,0.46652
31.242,3.8258,1.2603,0.46652
31.197,3.8117,1.2882,0.46651
31.152,3.7976,1.3161,0.46651
31.115,3.7859,1.3394,0.46652
31.07,3.7719,1.3673,0.46653
31.033,3.7602,1.3905,0.46653
30.988,3.7461,1.4184,0.46652
30.95,3.7344,1.4417,0.46651
30.905,3.7203,1.4696,0.46651
30.868,3.7086,1.4929,0.46652
30.823,3.6947,1.5205,0.46653
30.781,3.6814,1.5469,0.46653
30.747,3.6709,1.5678,0.46653
30.708,3.6589,1.5916,0.46652
30.678,3.6494,1.6105,0.46652
30.643,3.6385,1.6322,0.46652
30.615,3.6297,1.6496,0.46653
30.583,3.6198,1.6692,0.46653
30.558,3.612,1.6848,0.46653
30.53,3.603,1.7026,0.46653
30.502,3.5944,1.7197,0.46653
30.481,3.5877,1.7331,0.46653
30.456,3.5799,1.7484,0.46652
30.436,3.5737,1.7607,0.46652
30.414,3.5667,1.7747,0.46652
30.392,3.5601,1.7878,0.46652
30.375,3.5548,1.7983,0.46652
30.356,3.5488,1.8103,0.46653
30.341,3.5439,1.8199,0.46653
30.323,3.5385,1.8308,0.46653
30.306,3.5332,1.8412,0.46654
30.293,3.5291,1.8494,0.46654
30.278,3.5244,1.8587,0.46652
30.264,3.5199,1.8676,0.46651
30.252,3.5164,1.8746,0.4665
30.239,3.5123,1.8827,0.46651
30.229,3.5091,1.8891,0.46652
30.217,3.5054,1.8964,0.46653
30.196,3.4988,1.9092,0.49272
30.145,3.4827,1.936,0.57126
30.097,3.4678,1.9573,0.6367
30.034,3.4481,1.9816,0.71524
29.965,3.4265,2.0042,0.79378
29.903,3.4073,2.0217,0.85923
29.825,3.3827,2.041,0.93777
29.741,3.3567,2.0583,1.0163
29.669,3.334,2.0711,1.0818
29.594,3.3106,2.0825,1.1472
29.517,3.2865,2.0922,1.2127
29.422,3.2567,2.1018,1.2912
29.324,3.2263,2.1091,1.3697
29.242,3.2006,2.1133,1.4352
29.142,3.1695,2.1161,1.5137
29.042,3.1383,2.1164,1.5923
28.959,3.1123,2.1148,1.6577
28.86,3.0813,2.1107,1.7363
28.779,3.0558,2.1054,1.8017
28.682,3.0258,2.0969,1.8802
28.604,3.0013,2.088,1.9457
28.498,2.9681,2.0729,2.0373
28.425,2.9454,2.0602,2.1028
28.341,2.9192,2.0432,2.1813
28.275,2.8985,2.0274,2.2468
28.2,2.875,2.0068,2.3253
28.13,2.8532,1.9844,2.4038
28.076,2.8364,1.9645,2.4515
28.024,2.82,1.9443,2.4557
27.97,2.8032,1.9244,2.4334
27.893,2.7791,1.8971,2.4106
27.837,2.7617,1.8777,2.4134
27.782,2.7445,1.8581,2.4273
27.728,2.7276,1.8383,2.4374
27.663,2.7073,1.8145,2.4342
27.598,2.6869,1.7909,2.4251
27.543,2.6697,1.7713,2.4225
27.477,2.6492,1.7477,2.4256
27.412,2.6287,1.7241,2.4299
27.358,2.6117,1.7044,2.4309
27.292,2.5913,1.6807,2.4282
27.227,2.5708,1.6571,2.4257
27.161,2.5503,1.6335,2.4259
27.106,2.5333,1.6139,2.4275
27.041,2.5128,1.5902,2.4288
26.987,2.4958,1.5705,2.4284
26.932,2.4787,1.5509,2.4275
26.866,2.4583,1.5272,2.427
26.801,2.4378,1.5036,2.4273
26.746,2.4207,1.484,2.4277
26.681,2.4003,1.4603,2.4279
26.626,2.3832,1.4406,2.4278
26.572,2.3662,1.421,2.4276
26.506,2.3457,1.3974,2.4275
26.452,2.3286,1.3777,2.4276
26.386,2.3082,1.3541,2.4277
26.332,2.2911,1.3344,2.4277
26.266,2.2707,1.3108,2.4276
26.201,2.2502,1.2871,2.4276
26.146,2.2332,1.2675,2.4276
26.081,2.2127,1.2438,2.4276
26.026,2.1956,1.2242,2.4277
25.961,2.1752,1.2005,2.4276
25.906,2.1581,1.1809,2.4276
25.841,2.1377,1.1572,2.4276
25.786,2.1206,1.1376,2.4276
25.72,2.1001,1.1139,2.4276
25.655,2.0797,1.0903,2.4276
25.6,2.0626,1.0706,2.4276
25.546,2.0456,1.051,2.4276
25.48,2.0251,1.0273,2.4276
25.415,2.0047,1.0037,2.4276
25.36,1.9876,0.98404,2.4276
25.295,1.9671,0.96042,2.4276
25.24,1.9501,0.94074,2.4276
25.175,1.9296,0.91712,2.4276
25.12,1.9126,0.89744,2.4276
25.055,1.8921,0.87382,2.4276
25,1.8751,0.85414,2.4276
24.935,1.8546,0.83052,2.4276
24.869,1.8341,0.8069,2.4276
24.815,1.8171,0.78722,2.4276
24.76,1.8,0.76754,2.4276
24.706,1.783,0.74786,2.4276
24.64,1.7625,0.72424,2.4276
24.575,1.7421,0.70063,2.4276
24.52,1.725,0.68095,2.4276
24.444,1.7011,0.65339,2.4276
24.389,1.6841,0.63371,2.4276
24.324,1.6636,0.6101,2.4276
24.269,1.6466,0.59041,2.4276
24.214,1.6295,0.57073,2.4276
24.149,1.6091,0.54712,2.4276
24.094,1.592,0.52743,2.4276
24.029,1.5715,0.50382,2.4276
23.963,1.5511,0.4802,2.4276
23.898,1.5306,0.45658,2.4276
23.854,1.517,0.44084,2.4276
23.789,1.4965,0.41722,2.4276
23.723,1.4761,0.3936,2.4276
23.669,1.459,0.37392,2.4276
23.603,1.4385,0.35031,2.4276
23.538,1.4181,0.32669,2.4276
23.483,1.401,0.30701,2.4276
23.418,1.3806,0.28339,2.4276
23.363,1.3635,0.26371,2.4276
23.298,1.3431,0.24009,2.4276
23.243,1.326,0.22041,2.4276
23.178,1.3055,0.19679,2.4276
23.112,1.2851,0.17318,2.4276
23.058,1.268,0.1535,2.4276
22.992,1.2476,0.12988,2.4276
22.938,1.2305,0.1102,2.4276
22.872,1.21,0.086581,2.4276
22.807,1.1896,0.062964,2.4276
22.752,1.1725,0.043283,2.4276
22.687,1.1521,0.019666,2.4276
22.632,1.135,-1.5259e-05,2.4276
22.567,1.1146,-0.023632,2.4276
22.501,1.0941,-0.04725,2.4276
22.447,1.077,-0.066932,2.4276
22.381,1.0566,-0.09055,2.4276
22.327,1.0395,-0.11023,2.4276
22.261,1.0191,-0.13385,2.4276
22.206,1.002,-0.15353,2.4276
22.141,0.98156,-0.17715,2.4276
22.076,0.96109,-0.20077,2.4276
22.021,0.94404,-0.22045,2.4276
21.955,0.92358,-0.24407,2.4276
21.901,0.90653,-0.26375,2.4276
21.835,0.88607,-0.28737,2.4276
21.77,0.86561,-0.31099,2.4276
21.715,0.84855,-0.33067,2.4276
21.65,0.82809,-0.35429,2.4276
21.595,0.81104,-0.37397,2.4276
21.53,0.79057,-0.39759,2.4276
21.475,0.77352,-0.41727,2.4276
21.41,0.75305,-0.44089,2.4276
21.344,0.73258,-0.46451,2.4276
21.29,0.71553,-0.48419,2.4276
21.235,0.69848,-0.50387,2.4276
21.17,0.67801,-0.52749,2.4276
21.104,0.65755,-0.55111,2.4276
21.039,0.63708,-0.57472,2.4276
20.995,0.62344,-0.59047,2.4276
20.919,0.59956,-0.61802,2.4276
20.864,0.58251,-0.63771,2.4276
20.809,0.56546,-0.65739,2.4276
20.744,0.54499,-0.681,2.4276
20.678,0.52452,-0.70462,2.4276
20.613,0.50406,-0.72824,2.4276
20.558,0.487,-0.74792,2.4276
20.493,0.46654,-0.77154,2.4276
20.438,0.44949,-0.79122,2.4276
20.373,0.42902,-0.81484,2.4276
20.318,0.41197,-0.83452,2.4276
20.264,0.39492,-0.8542,2.4276
20.198,0.37445,-0.87782,2.4276
20.144,0.3574,-0.8975,2.4276
20.078,0.33694,-0.92112,2.4276
20.013,0.31647,-0.94473,2.4276
19.947,0.29601,-0.96835,2.4276
19.893,0.27895,-0.98803,2.4276
19.838,0.2619,-1.0077,2.4276
19.773,0.24143,-1.0313,2.4276
19.718,0.22438,-1.051,2.4276
19.653,0.20392,-1.0746,2.4276
19.587,0.18345,-1.0982,2.4276
19.532,0.1664,-1.1179,2.4276
19.467,0.14593,-1.1415,2.4276
19.412,0.12888,-1.1612,2.4276
19.347,0.10842,-1.1848,2.4276
19.281,0.087952,-1.2085,2.4276
19.227,0.070899,-1.2281,2.4276
19.172,0.053845,-1.2478,2.4276
19.107,0.033381,-1.2714,2.4276
19.052,0.016327,-1.2911,2.4276
18.987,-0.004137,-1.3147,2.4276
18.921,-0.024601,-1.3384,2.4276
18.867,-0.041655,-1.358,2.4276
18.801,-0.062119,-1.3817,2.4276
18.747,-0.079173,-1.4013,2.4276
18.67,-0.10305,-1.4289,2.4276
18.616,-0.1201,-1.4486,2.4276
18.561,-0.13716,-1.4682,2.4276
18.507,-0.15421,-1.4879,2.4276
18.441,-0.17467,-1.5115,2.4276
18.376,-0.19514,-1.5352,2.4276
18.31,-0.2156,-1.5588,2.4276
18.256,-0.23266,-1.5785,2.4276
18.191,-0.25284,-1.6018,2.4276
18.139,-0.26902,-1.6204,2.4276
18.071,-0.29032,-1.645,2.4276
18.025,-0.3048,-1.6617,2.4276
17.981,-0.3185,-1.6775,2.4276
17.93,-0.33429,-1.6957,2.4276
17.89,-0.34679,-1.7102,2.4276
17.844,-0.36112,-1.7267,2.4276
17.808,-0.37259,-1.74,2.4276
17.766,-0.3856,-1.755,2.4276
17.733,-0.39601,-1.767,2.4276
17.689,-0.4098,-1.7829,2.4276
17.659,-0.41911,-1.7936,2.4276
17.625,-0.42971,-1.8059,2.4276
17.598,-0.43812,-1.8156,2.4276
17.572,-0.44618,-1.8249,2.4276
17.548,-0.4539,-1.8338,2.4276
17.519,-0.46271,-1.844,2.4276
17.492,-0.47112,-1.8537,2.4276
17.467,-0.47903,-1.8628,2.4276
17.447,-0.48537,-1.8701,2.4276
17.424,-0.49257,-1.8784,2.4276
17.405,-0.49832,-1.8851,2.4276
17.384,-0.50485,-1.8926,2.4276
17.368,-0.51007,-1.8986,2.4276
17.349,-0.51599,-1.9054,2.4276
17.331,-0.52164,-1.912,2.4276
17.316,-0.52614,-1.9172,2.4276
17.283,-0.53656,-1.9289,2.4014
17.224,-0.55486,-1.9474,2.336
17.149,-0.57836,-1.968,2.2574
17.069,-0.6034,-1.9867,2.1789
16.999,-0.62534,-2.0007,2.1135
16.911,-0.6528,-2.0156,2.0349
16.835,-0.67653,-2.0263,1.9695
16.741,-0.70584,-2.0371,1.8909
16.661,-0.73086,-2.0443,1.8255
16.563,-0.76143,-2.0508,1.7469
16.464,-0.7924,-2.0549,1.6684
16.381,-0.8184,-2.0564,1.6029
16.298,-0.84443,-2.0562,1.5375
16.198,-0.87558,-2.0537,1.459
16.116,-0.90132,-2.0498,1.3935
16.018,-0.93179,-2.0429,1.315
15.939,-0.9567,-2.0353,1.2495
15.845,-0.98586,-2.0241,1.171
15.77,-1.0094,-2.013,1.1055
15.683,-1.0367,-1.9977,1.027
15.6,-1.0626,-1.9804,0.94845
15.534,-1.0832,-1.9644,0.883
15.459,-1.1065,-1.9436,0.8218
15.399,-1.1254,-1.9257,0.82119
15.324,-1.1488,-1.9049,0.85955
15.26,-1.1688,-1.8883,0.88548
15.183,-1.1929,-1.8684,0.87541
15.107,-1.2166,-1.848,0.85042
15.045,-1.2361,-1.8307,0.84401
14.982,-1.2556,-1.8135,0.85185
14.919,-1.2753,-1.7965,0.86296
14.843,-1.2991,-1.7763,0.86592
14.754,-1.3268,-1.7525,0.85867
14.691,-1.3465,-1.7354,0.85447
14.628,-1.3661,-1.7184,0.85551
14.553,-1.3898,-1.6979,0.85892
14.49,-1.4095,-1.6809,0.86072
14.414,-1.4332,-1.6605,0.8594
14.338,-1.4568,-1.6401,0.85724
14.263,-1.4804,-1.6196,0.85675
14.2,-1.5001,-1.6026,0.85778
14.124,-1.5238,-1.5822,0.85898
14.061,-1.5435,-1.5652,0.85919
13.985,-1.5672,-1.5447,0.85833
13.922,-1.5869,-1.5277,0.85764
13.846,-1.6105,-1.5073,0.85777
13.771,-1.6341,-1.4868,0.85834
13.708,-1.6539,-1.4698,0.85855
13.632,-1.6775,-1.4494,0.85837
13.569,-1.6972,-1.4324,0.85816
13.506,-1.7169,-1.4153,0.85807
13.43,-1.7406,-1.3949,0.85818
13.355,-1.7642,-1.3745,0.85829
13.291,-1.7839,-1.3574,0.85832
13.216,-1.8076,-1.337,0.85825
13.153,-1.8273,-1.32,0.8582
13.077,-1.8509,-1.2996,0.8582
13.001,-1.8746,-1.2791,0.85823
12.938,-1.8943,-1.2621,0.85826
12.863,-1.9179,-1.2417,0.85825
12.787,-1.9416,-1.2212,0.85822
12.724,-1.9613,-1.2042,0.85821
12.648,-1.9849,-1.1838,0.85823
12.573,-2.0085,-1.1634,0.85824
12.522,-2.0243,-1.1497,0.85824
12.447,-2.048,-1.1293,0.85823
12.383,-2.0677,-1.1123,0.85823
12.295,-2.0953,-1.0885,0.85823
12.232,-2.115,-1.0714,0.85823
12.169,-2.1347,-1.0544,0.85823
12.093,-2.1583,-1.034,0.85823
12.018,-2.182,-1.0135,0.85823
11.955,-2.2017,-0.99652,0.85823
11.892,-2.2214,-0.97949,0.85823
11.816,-2.245,-0.95906,0.85823
11.74,-2.2687,-0.93863,0.85823
11.665,-2.2923,-0.9182,0.85823
11.602,-2.312,-0.90118,0.85823
11.539,-2.3317,-0.88415,0.85823
11.475,-2.3514,-0.86713,0.85823
11.4,-2.375,-0.84678,0.85824
11.328,-2.3976,-0.8272,0.85824
11.27,-2.4157,-0.81161,0.85824
11.204,-2.4361,-0.79395,0.85823
11.142,-2.4556,-0.7771,0.85823
11.083,-2.4741,-0.76112,0.85823
11.036,-2.4887,-0.74854,0.85823
10.983,-2.5053,-0.73413,0.85824
10.941,-2.5186,-0.72272,0.85824
10.892,-2.5337,-0.70964,0.85824
10.854,-2.5457,-0.69927,0.85824
10.81,-2.5594,-0.6874,0.85824
10.768,-2.5725,-0.67607,0.85823
10.735,-2.5829,-0.66715,0.85823
10.697,-2.5947,-0.65693,0.85824
10.667,-2.6042,-0.64875,0.85824
10.632,-2.6149,-0.63948,0.85824
10.6,-2.6251,-0.63063,0.85824
10.574,-2.6332,-0.62367,0.85824
10.544,-2.6424,-0.61569,0.85824
10.516,-2.6512,-0.60814,0.85824
10.494,-2.6581,-0.60215,0.85824
10.469,-2.666,-0.59533,0.85824
10.449,-2.6723,-0.58988,0.85824
10.426,-2.6795,-0.58365,0.85824
10.407,-2.6852,-0.5787,0.85824
10.386,-2.6918,-0.57304,0.85824
10.37,-2.697,-0.56855,0.85824
